numer,suma,srednia
1,-0.971,-0.24
2,2.871,0.48
3,-0.492,-0.08
4,-2.091,-0.35
5,2.122,0.42
6,-0.32799999999999996,-0.08
7,0.3470000000000001,0.06
8,-0.542,-0.11
9,0.42800000000000005,0.06
10,1.963,0.28
11,-0.024999999999999967,-0.01
12,-1.0739999999999998,-0.18
13,-0.41500000000000004,-0.1
14,-1.028,-0.17
15,-0.8150000000000001,-0.2
16,0.7209999999999999,0.1
17,1.2,0.24
18,-0.9139999999999999,-0.13
19,-2.032,-0.34
20,-0.495,-0.08
21,0.765,0.13
22,-1.105,-0.18
23,-1.932,-0.39
24,0.30899999999999994,0.04
25,1.34,0.19
26,-0.683,-0.17
27,-1.026,-0.21
28,-1.573,-0.26
29,0.349,0.07
30,2.508,0.5
31,-1.0050000000000001,-0.14
32,0.601,0.12
33,-1.014,-0.17
34,-0.675,-0.1
35,0.49099999999999994,0.07
36,0.14599999999999996,0.03
37,-1.373,-0.2
38,-2.396,-0.4
39,0.7519999999999999,0.13
40,-1.306,-0.22
41,-0.49400000000000005,-0.08
42,0.19000000000000003,0.03
43,-0.845,-0.21
44,2.306,0.33
45,-1.038,-0.17
46,2.142,0.36
47,1.161,0.19
48,1.121,0.16
49,-0.44999999999999996,-0.06
50,0.40599999999999997,0.07
51,-1.036,-0.15
52,-0.032999999999999974,-0.0
53,0.8190000000000001,0.12
54,-0.6709999999999998,-0.1
55,0.291,0.06
56,-0.967,-0.16
57,2.43,0.35
58,2.829,0.4
59,-0.256,-0.05
60,0.07300000000000012,0.01
61,-0.49499999999999994,-0.08
62,2.614,0.37
63,-1.185,-0.17
64,-0.313,-0.06
65,0.14300000000000007,0.02
66,0.9660000000000001,0.16
67,-3.632,-0.52
68,1.713,0.24
69,-0.07800000000000007,-0.02
70,-1.233,-0.21
71,-1.236,-0.25
72,-1.451,-0.24
73,-1.049,-0.21
74,1.476,0.3
75,-0.5959999999999999,-0.12
76,-1.599,-0.23
77,-0.684,-0.11
78,0.5029999999999999,0.07
79,-1.685,-0.34
80,-0.3999999999999999,-0.07
81,0.888,0.18
82,0.729,0.12
83,1.317,0.26
84,0.668,0.11
85,-1.716,-0.43
86,0.232,0.03
87,-0.564,-0.08
88,1.604,0.23
89,0.4320000000000001,0.07
90,1.087,0.16
91,0.889,0.13
92,-1.266,-0.21
93,-0.406,-0.07
94,-1.2999999999999998,-0.22
95,1.858,0.27
96,-0.8370000000000001,-0.12
97,-0.42300000000000004,-0.06
98,-1.0410000000000001,-0.15
99,-0.028000000000000004,-0.0
100,0.655,0.11
101,-1.814,-0.3
102,-1.219,-0.2
103,-0.882,-0.18
104,0.35500000000000004,0.06
105,-1.735,-0.29
106,-0.8669999999999999,-0.14
107,-2.339,-0.47
108,-0.393,-0.08
109,-1.1109999999999998,-0.19
110,-2.013,-0.34
111,1.685,0.34
112,-1.786,-0.26
113,1.4929999999999999,0.3
114,-0.6849999999999999,-0.11
115,0.637,0.13
116,-0.14400000000000007,-0.02
117,0.9810000000000001,0.14
118,-0.3360000000000001,-0.07
119,-2.1350000000000002,-0.36
120,1.222,0.31
121,-2.609,-0.43
122,0.62,0.09
123,-0.721,-0.12
124,2.239,0.32
125,-0.17000000000000004,-0.03
126,0.13900000000000007,0.03
127,0.3359999999999999,0.08
128,-1.3010000000000002,-0.19
129,1.086,0.16
130,-0.10299999999999998,-0.03
131,0.13599999999999995,0.03
132,-1.906,-0.27
133,-0.317,-0.05
134,-2.286,-0.46
135,-0.728,-0.15
136,0.623,0.1
137,0.295,0.05
138,2.819,0.4
139,0.6420000000000001,0.09
140,1.546,0.22
141,-0.20700000000000002,-0.03
142,0.5570000000000002,0.09
143,-2.5749999999999997,-0.43
144,-0.05999999999999997,-0.01
145,0.5920000000000001,0.1
146,0.671,0.13
147,1.4720000000000002,0.25
148,-1.013,-0.2
149,-0.573,-0.11
150,3.166,0.53
151,-0.19800000000000004,-0.03
152,-0.4210000000000001,-0.08
153,2.164,0.31
154,1.611,0.23
155,0.573,0.1
156,1.264,0.25
157,1.2189999999999999,0.2
158,-1.72,-0.34
159,-0.24900000000000005,-0.05
160,-0.14800000000000005,-0.02
161,2.2159999999999997,0.37
162,1.925,0.28
163,0.06600000000000004,0.01
164,-1.544,-0.26
165,0.607,0.09
166,-1.551,-0.26
167,-0.23199999999999996,-0.04
168,0.5449999999999999,0.09
169,0.418,0.06
170,1.548,0.22
171,0.6070000000000001,0.15
172,0.2630000000000001,0.04
173,0.604,0.12
174,-0.6240000000000001,-0.12
175,0.061000000000000054,0.02
176,0.32399999999999995,0.06
177,0.413,0.08
178,1.4789999999999999,0.25
179,0.874,0.22
180,2.364,0.39
181,2.32,0.33
182,0.72,0.1
183,-1.1420000000000001,-0.23
184,-1.645,-0.27
185,-1.203,-0.17
186,0.6110000000000001,0.09
187,1.697,0.42
188,-0.014999999999999902,-0.0
189,-1.546,-0.26
190,-2.289,-0.38
191,0.18600000000000008,0.03
192,-1.397,-0.23
193,0.613,0.12
194,2.141,0.36
195,-2.644,-0.44
196,-1.807,-0.45
197,3.503,0.58
198,0.6769999999999999,0.11
199,1.95,0.39
200,-0.6900000000000001,-0.1
201,-0.387,-0.08
202,-0.532,-0.09
203,-1.369,-0.27
204,-2.104,-0.35
205,-1.901,-0.32
206,-0.643,-0.11
207,-0.2089999999999999,-0.03
208,-0.38799999999999996,-0.06
209,2.289,0.38
210,-0.17300000000000004,-0.02
211,-0.11099999999999996,-0.02
212,-3.904,-0.56
213,1.8599999999999999,0.31
214,-0.364,-0.07
215,-1.727,-0.35
216,-0.466,-0.09
217,0.579,0.12
218,0.5780000000000001,0.12
219,-0.755,-0.13
220,-0.716,-0.1
221,-1.695,-0.24
222,-1.123,-0.19
223,-0.6379999999999999,-0.13
224,-0.6019999999999999,-0.12
225,-0.013999999999999901,-0.0
226,-0.872,-0.12
227,0.475,0.08
228,-0.853,-0.14
229,-0.37999999999999995,-0.08
230,2.205,0.44
231,-1.436,-0.24
232,1.468,0.24
233,-0.677,-0.11
234,0.94,0.16
235,0.9690000000000001,0.19
236,-2.597,-0.43
237,0.15999999999999995,0.02
238,-1.763,-0.29
239,1.359,0.23
240,0.8480000000000001,0.14
241,-1.064,-0.18
242,0.24199999999999997,0.03
243,0.23399999999999999,0.05
244,0.48999999999999994,0.12
245,0.31399999999999995,0.04
246,2.783,0.46
247,0.33100000000000007,0.07
248,0.624,0.1
249,0.0049999999999999906,0.0
250,-0.242,-0.04
251,1.619,0.27
252,-1.2189999999999999,-0.17
253,-4.142,-0.59
254,-1.105,-0.18
255,-0.7999999999999999,-0.13
256,0.33399999999999996,0.06
257,-0.881,-0.13
258,1.766,0.59
259,0.542,0.09
260,0.65,0.09
261,-0.59,-0.1
262,2.195,0.37
263,-1.609,-0.27
264,-2.537,-0.51
265,1.488,0.3
266,3.257,0.65
267,0.21299999999999997,0.03
268,-0.31900000000000006,-0.08
269,1.568,0.22
270,-3.106,-0.52
271,0.6829999999999999,0.14
272,1.907,0.38
273,0.5430000000000001,0.09
274,-0.7170000000000001,-0.14
275,-0.8009999999999999,-0.11
276,1.354,0.23
277,-0.3539999999999999,-0.06
278,1.805,0.36
279,0.866,0.14
280,-1.092,-0.27
281,-0.263,-0.04
282,-1.4809999999999999,-0.21
283,-0.061999999999999916,-0.01
284,-3.773,-0.75
285,-2.285,-0.46
286,0.993,0.17
287,1.319,0.26
288,1.383,0.2
289,0.652,0.09
290,0.45000000000000007,0.06
291,0.03399999999999995,0.01
292,3.542,0.51
293,-1.272,-0.18
294,2.0540000000000003,0.34
295,1.752,0.25
296,-0.192,-0.04
297,0.12699999999999997,0.02
298,0.129,0.02
299,2.056,0.29
300,-1.4579999999999997,-0.24
301,1.514,0.25
302,-0.529,-0.08
303,1.789,0.36
304,1.2999999999999998,0.22
305,-2.427,-0.4
306,1.657,0.33
307,-0.104,-0.01
308,0.6960000000000001,0.12
309,0.7210000000000001,0.18
310,-2.3400000000000003,-0.39
311,-1.619,-0.32
312,0.25100000000000006,0.05
313,0.7290000000000001,0.12
314,3.324,0.55
315,-1.406,-0.2
316,0.4759999999999999,0.08
317,-0.086,-0.01
318,1.623,0.32
319,1.313,0.22
320,1.564,0.31
321,1.1500000000000001,0.19
322,0.5730000000000001,0.11
323,-0.052999999999999964,-0.01
324,1.613,0.27
325,-2.255,-0.32
326,-1.984,-0.28
327,0.8860000000000001,0.18
328,1.327,0.27
329,-0.7569999999999999,-0.13
330,0.24100000000000005,0.05
331,-1.0290000000000001,-0.17
332,1.432,0.24
333,0.562,0.14
334,-0.903,-0.18
335,2.227,0.32
336,0.08599999999999994,0.02
337,-0.4059999999999999,-0.06
338,1.075,0.18
339,-1.532,-0.31
340,0.857,0.14
341,-0.9779999999999999,-0.14
342,0.12499999999999992,0.02
343,-0.4660000000000001,-0.12
344,1.8579999999999999,0.31
345,-1.745,-0.29
346,0.808,0.13
347,0.6619999999999999,0.13
348,0.08000000000000007,0.01
349,-1.015,-0.14
350,0.696,0.17
351,-0.61,-0.1
352,-2.264,-0.38
353,0.38,0.05
354,1.3800000000000001,0.23
355,0.8029999999999999,0.13
356,-2.027,-0.34
357,1.325,0.22
358,-0.11499999999999994,-0.02
359,-0.802,-0.16
360,0.396,0.07
361,2.847,0.41
362,0.2889999999999999,0.07
363,0.35700000000000004,0.06
364,1.2690000000000001,0.32
365,-0.3889999999999999,-0.1
366,-1.122,-0.16
367,0.12099999999999998,0.02
368,2.308,0.38
369,1.3,0.19
370,1.456,0.29
371,-0.505,-0.08
372,0.22500000000000003,0.05
373,-0.030000000000000013,-0.01
374,-0.07099999999999995,-0.01
375,0.19999999999999996,0.04
376,2.1109999999999998,0.3
377,-2.538,-0.42
378,-0.153,-0.03
379,1.061,0.15
380,0.43499999999999994,0.07
381,-1.1469999999999998,-0.19
382,0.6309999999999999,0.11
383,0.5469999999999999,0.08
384,-1.0679999999999998,-0.15
385,1.185,0.24
386,-2.659,-0.44
387,0.8700000000000001,0.15
388,-0.717,-0.1
389,1.648,0.33
390,0.007999999999999976,0.0
391,1.2069999999999999,0.24
392,0.13199999999999995,0.03
393,2.9010000000000002,0.48
394,0.8349999999999999,0.14
395,0.7989999999999999,0.13
396,1.0799999999999998,0.15
397,-1.5939999999999999,-0.27
398,-0.06999999999999994,-0.01
399,2.356,0.39
400,-1.858,-0.31
401,0.3509999999999999,0.06
402,-0.9390000000000001,-0.13
403,-1.315,-0.22
404,-0.862,-0.17
405,-1.133,-0.19
406,-1.805,-0.26
407,1.3870000000000002,0.2
408,0.6429999999999999,0.16
409,0.7480000000000001,0.11
410,-0.502,-0.07
411,-0.17099999999999993,-0.06
412,-1.4449999999999998,-0.24
413,-0.47899999999999987,-0.07
414,1.039,0.15
415,1.025,0.17
416,-0.668,-0.1
417,-1.558,-0.31
418,0.4139999999999999,0.07
419,-0.015000000000000076,-0.0
420,-1.571,-0.26
421,-1.25,-0.21
422,-1.617,-0.27
423,-1.513,-0.22
424,-1.063,-0.15
425,2.631,0.44
426,-0.33,-0.06
427,-1.909,-0.27
428,-0.31199999999999983,-0.05
429,-1.302,-0.22
430,0.555,0.09
431,-0.912,-0.15
432,3.146,0.52
433,-0.20799999999999985,-0.03
434,0.597,0.09
435,-3.426,-0.57
436,1.002,0.25
437,-1.1340000000000001,-0.16
438,0.636,0.21
439,0.21200000000000008,0.04
440,-2.453,-0.35
441,-0.8659999999999999,-0.12
442,2.572,0.43
443,1.191,0.2
444,-0.48399999999999993,-0.1
445,-2.3689999999999998,-0.39
446,0.15,0.02
447,-1.188,-0.24
448,0.973,0.16
449,0.622,0.09
450,-0.4799999999999999,-0.1
451,-0.7040000000000001,-0.12
452,-0.16300000000000003,-0.03
453,1.5630000000000002,0.22
454,-0.02499999999999998,-0.0
455,1.102,0.18
456,0.8709999999999999,0.29
457,-0.269,-0.04
458,0.6010000000000001,0.09
459,0.49,0.1
460,0.903,0.15
461,2.043,0.41
462,1.6680000000000001,0.24
463,0.907,0.15
464,0.634,0.09
465,2.382,0.4
466,1.488,0.21
467,-1.581,-0.4
468,1.7489999999999999,0.29
469,-2.214,-0.44
470,-1.466,-0.21
471,-1.436,-0.21
472,0.07000000000000003,0.01
473,-2.091,-0.3
474,-0.8460000000000001,-0.12
475,-0.815,-0.16
476,0.938,0.19
477,1.357,0.23
478,0.33100000000000007,0.07
479,1.251,0.25
480,-0.15399999999999997,-0.03
481,-0.29300000000000004,-0.05
482,-0.199,-0.03
483,1.154,0.16
484,-0.541,-0.09
485,3.063,0.61
486,-2.29,-0.33
487,1.269,0.21
488,-3.074,-0.44
489,-1.3359999999999999,-0.22
490,-0.5690000000000001,-0.11
491,-0.859,-0.21
492,-0.857,-0.17
493,-0.43500000000000005,-0.06
494,1.593,0.27
495,3.4859999999999998,0.58
496,-0.13300000000000012,-0.02
497,-2.73,-0.46
498,-2.305,-0.38
499,-0.9309999999999999,-0.16
500,-0.508,-0.13
501,0.12099999999999991,0.02
502,-1.335,-0.19
503,-1.077,-0.22
504,0.748,0.11
505,1.0730000000000002,0.15
506,0.6639999999999999,0.13
507,-0.7699999999999999,-0.13
508,0.763,0.19
509,-0.4830000000000001,-0.08
510,-0.7579999999999999,-0.11
511,0.9589999999999999,0.24
512,0.20199999999999996,0.04
513,0.5780000000000001,0.1
514,0.4910000000000001,0.1
515,-1.1230000000000002,-0.22
516,3.234,0.46
517,0.169,0.02
518,1.29,0.18
519,-1.5150000000000001,-0.22
520,-0.5780000000000001,-0.1
521,0.734,0.18
522,0.19799999999999993,0.03
523,-0.76,-0.11
524,0.51,0.07
525,0.9430000000000001,0.24
526,1.918,0.38
527,0.419,0.08
528,1.246,0.21
529,2.463,0.41
530,0.6409999999999999,0.16
531,0.8789999999999999,0.15
532,1.7970000000000002,0.45
533,-0.405,-0.07
534,0.8440000000000001,0.21
535,-0.766,-0.15
536,3.759,0.75
537,-2.1390000000000002,-0.36
538,-2.169,-0.31
539,-0.8089999999999999,-0.13
540,1.283,0.26
541,-1.145,-0.29
542,0.008999999999999977,0.0
543,-1.216,-0.17
544,-1.718,-0.29
545,0.819,0.16
546,-1.214,-0.2
547,1.165,0.19
548,-1.1500000000000001,-0.16
549,1.796,0.36
550,0.251,0.05
551,-0.27600000000000013,-0.04
552,2.078,0.3
553,-2.491,-0.36
554,-0.27299999999999996,-0.07
555,-1.34,-0.22
556,-1.1600000000000001,-0.29
557,-2.24,-0.32
558,-0.639,-0.13
559,-1.47,-0.21
560,-0.9490000000000001,-0.16
561,2.428,0.4
562,1.18,0.2
563,1.187,0.2
564,1.2670000000000001,0.18
565,-1.0590000000000002,-0.15
566,-1.15,-0.16
567,1.157,0.29
568,0.627,0.13
569,-1.6179999999999999,-0.27
570,-0.682,-0.1
571,1.764,0.44
572,0.45100000000000007,0.06
573,0.11499999999999995,0.02
574,1.7180000000000002,0.34
575,0.636,0.09
576,0.08399999999999991,0.01
577,-0.10500000000000001,-0.02
578,-1.175,-0.24
579,-0.811,-0.14
580,0.09100000000000003,0.02
581,-1.92,-0.38
582,-1.825,-0.3
583,-1.319,-0.22
584,-0.6739999999999999,-0.13
585,-3.694,-0.62
586,0.9600000000000001,0.14
587,-2.104,-0.42
588,-1.974,-0.28
589,-0.146,-0.05
590,-0.383,-0.06
591,-0.32899999999999996,-0.16
592,0.35000000000000003,0.06
593,0.344,0.06
594,-1.979,-0.28
595,1.391,0.2
596,1.389,0.23
597,-0.534,-0.11
598,-0.648,-0.09
599,-3.414,-0.57
600,-1.8050000000000002,-0.3
601,0.40900000000000003,0.07
602,0.07600000000000012,0.01
603,3.023,0.5
604,-0.118,-0.02
605,-1.388,-0.23
606,-1.571,-0.22
607,-0.617,-0.09
608,-0.001999999999999974,-0.0
609,2.034,0.34
610,-0.9179999999999999,-0.15
611,-0.8819999999999999,-0.13
612,-0.9660000000000001,-0.19
613,1.0030000000000001,0.17
614,-0.8490000000000001,-0.17
615,1.189,0.2
616,-0.631,-0.13
617,1.227,0.25
618,-1.089,-0.16
619,0.44799999999999995,0.07
620,1.822,0.26
621,-0.7839999999999999,-0.11
622,0.32899999999999996,0.07
623,1.217,0.2
624,0.09100000000000003,0.02
625,0.43700000000000006,0.09
626,-0.74,-0.11
627,1.1270000000000002,0.23
628,-0.5229999999999999,-0.09
629,-0.8530000000000001,-0.12
630,0.493,0.08
631,1.495,0.21
632,0.5630000000000001,0.14
633,-2.322,-0.46
634,-1.7,-0.34
635,-0.349,-0.09
636,-0.8659999999999999,-0.14
637,0.736,0.12
638,-0.4749999999999999,-0.07
639,-1.574,-0.26
640,-0.687,-0.1
641,-0.22400000000000012,-0.04
642,0.25599999999999995,0.06
643,0.10099999999999995,0.02
644,-0.3680000000000001,-0.06
645,-0.05000000000000007,-0.01
646,0.033000000000000085,0.01
647,-0.165,-0.02
648,-0.272,-0.05
649,2.344,0.33
650,0.47600000000000003,0.08
651,1.483,0.21
652,2.0180000000000002,0.4
653,1.771,0.35
654,-0.5189999999999999,-0.07
655,1.1480000000000001,0.19
656,1.422,0.24
657,-1.1360000000000001,-0.23
658,-1.121,-0.19
659,2.867,0.41
660,-1.573,-0.22
661,1.113,0.22
662,0.774,0.13
663,-2.7319999999999998,-0.46
664,-2.039,-0.29
665,1.6989999999999998,0.28
666,-2.962,-0.49
667,0.4159999999999999,0.06
668,1.9929999999999999,0.28
669,-1.053,-0.21
670,-0.01599999999999996,-0.0
671,0.118,0.02
672,-3.592,-0.51
673,0.29500000000000004,0.06
674,2.3369999999999997,0.33
675,0.12100000000000004,0.02
676,1.121,0.22
677,0.28400000000000003,0.04
678,-0.839,-0.14
679,-1.735,-0.25
680,1.5790000000000002,0.23
681,-1.299,-0.19
682,-1.6520000000000001,-0.24
683,0.05399999999999994,0.01
684,0.911,0.13
685,0.5239999999999999,0.1
686,0.45299999999999996,0.08
687,-3.725,-0.53
688,-1.212,-0.17
689,1.316,0.22
690,0.19199999999999995,0.03
691,0.5479999999999999,0.09
692,2.162,0.43
693,1.76,0.29
694,2.765,0.46
695,-1.465,-0.24
696,1.1909999999999998,0.24
697,-0.008999999999999939,-0.0
698,0.252,0.04
699,1.274,0.18
700,-0.17699999999999994,-0.03
701,-0.09400000000000008,-0.02
702,0.08200000000000002,0.01
703,-2.0740000000000003,-0.3
704,1.256,0.25
705,-0.294,-0.05
706,-1.1680000000000001,-0.19
707,-1.3920000000000001,-0.23
708,-0.6859999999999999,-0.11
709,0.07500000000000001,0.01
710,-0.805,-0.12
711,-0.06699999999999998,-0.01
712,-0.30599999999999994,-0.05
713,-1.398,-0.23
714,-1.799,-0.3
715,0.284,0.04
716,-0.704,-0.14
717,1.79,0.26
718,-0.6390000000000001,-0.09
719,0.591,0.08
720,1.403,0.23
721,1.65,0.33
722,0.5660000000000001,0.08
723,0.23300000000000004,0.03
724,0.043000000000000024,0.01
725,0.47400000000000003,0.08
726,0.24199999999999988,0.04
727,0.29399999999999993,0.06
728,-0.481,-0.08
729,-0.41900000000000004,-0.06
730,0.484,0.1
731,-1.5470000000000002,-0.26
732,0.669,0.11
733,1.53,0.26
734,-1.683,-0.28
735,1.715,0.25
736,-1.421,-0.24
737,2.299,0.38
738,-1.082,-0.15
739,0.301,0.06
740,-0.59,-0.08
741,0.214,0.04
742,-1.551,-0.31
743,1.272,0.21
744,-2.589,-0.43
745,0.455,0.09
746,5.164,0.74
747,-0.5750000000000001,-0.1
748,-1.141,-0.23
749,-1.573,-0.26
750,1.002,0.14
751,-0.443,-0.09
752,-1.187,-0.17
753,0.17,0.04
754,2.575,0.52
755,0.785,0.16
756,-2.4579999999999997,-0.35
757,0.31899999999999995,0.05
758,-1.921,-0.32
759,1.239,0.18
760,-0.38499999999999995,-0.06
761,-0.784,-0.13
762,0.08200000000000011,0.01
763,-0.472,-0.09
764,-0.5720000000000001,-0.11
765,1.375,0.2
766,0.894,0.15
767,0.8170000000000001,0.12
768,-0.18500000000000003,-0.04
769,-0.6539999999999999,-0.11
770,0.25499999999999995,0.05
771,1.697,0.34
772,1.334,0.27
773,-1.661,-0.33
774,1.164,0.19
775,-0.603,-0.1
776,1.4200000000000002,0.24
777,4.2219999999999995,0.7
778,-0.03400000000000003,-0.01
779,0.8350000000000001,0.14
780,0.49,0.08
781,-3.173,-0.45
782,-1.022,-0.15
783,3.429,0.57
784,-1.093,-0.22
785,-0.522,-0.07
786,0.16299999999999992,0.03
787,-1.0450000000000002,-0.21
788,-0.6540000000000001,-0.13
789,-2.5340000000000003,-0.36
790,-0.735,-0.15
791,-0.8420000000000001,-0.14
792,2.229,0.32
793,-2.267,-0.32
794,-0.519,-0.13
795,0.23800000000000002,0.05
796,-0.716,-0.12
797,1.474,0.29
798,1.139,0.16
799,-0.131,-0.02
800,1.0910000000000002,0.18
801,2.777,0.4
802,-2.19,-0.31
803,0.17400000000000002,0.03
804,-1.956,-0.33
805,0.2849999999999999,0.05
806,-0.5799999999999998,-0.14
807,-0.304,-0.04
808,-2.217,-0.37
809,1.9309999999999998,0.28
810,-1.451,-0.29
811,0.593,0.08
812,0.271,0.04
813,-1.774,-0.3
814,-1.413,-0.28
815,1.355,0.23
816,-1.093,-0.22
817,-0.21500000000000008,-0.04
818,-1.869,-0.31
819,2.092,0.3
820,-0.253,-0.06
821,-1.5270000000000001,-0.22
822,0.142,0.03
823,-2.1599999999999997,-0.36
824,0.9570000000000002,0.19
825,0.10600000000000004,0.02
826,-1.4909999999999999,-0.37
827,1.384,0.23
828,-2.116,-0.35
829,0.552,0.09
830,2.243,0.56
831,-1.567,-0.22
832,0.898,0.15
833,0.9900000000000001,0.2
834,0.6669999999999999,0.13
835,0.352,0.06
836,1.041,0.26
837,0.18800000000000006,0.04
838,-1.734,-0.25
839,-1.408,-0.2
840,1.019,0.17
841,2.008,0.4
842,0.17399999999999993,0.03
843,-2.2030000000000003,-0.73
844,-2.281,-0.57
845,-0.714,-0.1
846,0.7330000000000001,0.12
847,-0.42400000000000004,-0.06
848,-1.984,-0.33
849,1.2859999999999998,0.21
850,1.881,0.38
851,1.9329999999999998,0.39
852,0.31199999999999994,0.05
853,-0.577,-0.1
854,-0.55,-0.09
855,1.836,0.31
856,1.119,0.19
857,0.5379999999999999,0.09
858,-1.2530000000000001,-0.18
859,-1.4979999999999998,-0.25
860,-8.326672684688674e-17,-0.0
861,-0.583,-0.08
862,-1.781,-0.3
863,-0.21999999999999992,-0.04
864,0.7789999999999999,0.19
865,-0.46999999999999986,-0.09
866,-1.28,-0.21
867,-1.4,-0.23
868,-1.2970000000000002,-0.22
869,0.888,0.18
870,-1.4440000000000002,-0.24
871,-3.412,-0.49
872,-1.415,-0.24
873,1.258,0.21
874,1.432,0.24
875,0.875,0.17
876,-2.583,-0.37
877,-0.46699999999999997,-0.08
878,1.3559999999999999,0.19
879,1.952,0.28
880,0.396,0.08
881,-0.2630000000000001,-0.05
882,0.916,0.13
883,-1.509,-0.3
884,-0.4179999999999999,-0.1
885,-1.053,-0.21
886,-1.939,-0.32
887,-0.05000000000000003,-0.01
888,0.886,0.15
889,2.136,0.31
890,-1.254,-0.31
891,-0.375,-0.09
892,1.5939999999999999,0.23
893,-0.32999999999999996,-0.05
894,-0.671,-0.1
895,1.063,0.21
896,0.32200000000000006,0.08
897,0.956,0.14
898,1.139,0.16
899,1.753,0.35
900,2.231,0.32
901,-0.15099999999999997,-0.02
902,-1.778,-0.3
903,0.13200000000000006,0.02
904,-0.057999999999999996,-0.01
905,-1.638,-0.41
906,0.35699999999999993,0.06
907,-2.567,-0.43
908,0.052000000000000046,0.01
909,-0.15599999999999997,-0.03
910,1.5439999999999998,0.22
911,1.677,0.34
912,1.153,0.19
913,2.568,0.51
914,-2.066,-0.3
915,-3.318,-0.47
916,-0.967,-0.19
917,-1.523,-0.3
918,0.927,0.15
919,-1.2269999999999999,-0.18
920,-1.661,-0.24
921,0.73,0.18
922,0.39299999999999996,0.07
923,0.495,0.07
924,1.0210000000000001,0.2
925,1.328,0.33
926,1.2950000000000002,0.19
927,0.306,0.06
928,-1.133,-0.19
929,1.137,0.16
930,-1.691,-0.28
931,-0.694,-0.1
932,2.147,0.43
933,0.6809999999999999,0.14
934,-1.979,-0.28
935,0.2010000000000001,0.04
936,-0.23800000000000004,-0.03
937,-0.03299999999999992,-0.0
938,-0.02500000000000005,-0.0
939,-0.59,-0.1
940,-2.499,-0.5
941,-1.576,-0.32
942,-1.212,-0.24
943,-0.02000000000000003,-0.0
944,-1.016,-0.2
945,0.657,0.09
946,0.896,0.15
947,-0.647,-0.09
948,-1.435,-0.21
949,-0.259,-0.04
950,0.454,0.09
951,0.35100000000000003,0.06
952,0.15499999999999992,0.03
953,0.859,0.14
954,1.1400000000000001,0.19
955,0.508,0.08
956,1.065,0.18
957,-0.6200000000000001,-0.1
958,0.9590000000000001,0.16
959,-0.9430000000000001,-0.13
960,-0.023999999999999994,-0.0
961,0.26400000000000007,0.05
962,0.696,0.12
963,-1.382,-0.23
964,-0.29400000000000004,-0.05
965,-2.221,-0.32
966,-2.251,-0.38
967,1.599,0.4
968,-0.506,-0.08
969,-0.929,-0.19
970,0.337,0.08
971,1.3379999999999999,0.19
972,-1.757,-0.35
973,0.03800000000000006,0.01
974,1.98,0.28
975,-0.09200000000000003,-0.02
976,-0.504,-0.07
977,-0.3700000000000001,-0.05
978,-1.378,-0.23
979,-1.922,-0.38
980,2.2110000000000003,0.32
981,2.469,0.49
982,0.524,0.07
983,2.321,0.46
984,-0.925,-0.13
985,-0.688,-0.11
986,1.887,0.31
987,-2.428,-0.35
988,0.23599999999999988,0.03
989,-0.9719999999999999,-0.16
990,-2.876,-0.41
991,-1.011,-0.2
992,-0.31400000000000006,-0.06
993,-0.47500000000000003,-0.12
994,1.472,0.21
995,1.051,0.15
996,-0.478,-0.1
997,2.198,0.55
998,-3.118,-0.62
999,0.017000000000000043,0.0
1000,0.139,0.02
1001,-2.617,-0.44
1002,-1.4009999999999998,-0.23
1003,-1.109,-0.16
1004,1.12,0.28
1005,-2.595,-0.37
1006,0.8360000000000001,0.17
1007,0.23100000000000004,0.05
1008,-0.77,-0.13
1009,0.37299999999999994,0.06
1010,-1.586,-0.26
1011,-1.401,-0.28
1012,-1.198,-0.24
1013,0.967,0.16
1014,0.764,0.13
1015,-0.23500000000000001,-0.05
1016,0.602,0.12
1017,0.42600000000000005,0.06
1018,-1.952,-0.39
1019,-0.027000000000000093,-0.0
1020,0.781,0.11
1021,-0.7949999999999999,-0.2
1022,0.8,0.11
1023,0.998,0.17
1024,-1.5690000000000002,-0.22
1025,1.869,0.31
1026,0.010999999999999982,0.0
1027,-0.14300000000000004,-0.02
1028,0.9349999999999999,0.19
1029,0.20700000000000002,0.03
1030,-1.233,-0.21
1031,0.259,0.04
1032,-2.522,-0.42
1033,0.07699999999999999,0.01
1034,-1.065,-0.15
1035,1.621,0.23
1036,0.2779999999999999,0.04
1037,-0.6,-0.1
1038,0.3789999999999999,0.08
1039,-0.26600000000000007,-0.05
1040,1.2570000000000001,0.21
1041,-0.32000000000000006,-0.06
1042,-3.775,-0.54
1043,0.605,0.1
1044,-0.2230000000000001,-0.04
1045,1.5190000000000001,0.22
1046,0.49299999999999994,0.07
1047,-1.36,-0.23
1048,-2.743,-0.46
1049,1.1329999999999998,0.19
1050,0.03799999999999995,0.01
1051,0.9460000000000001,0.19
1052,0.977,0.16
1053,-0.2960000000000001,-0.06
1054,0.09899999999999999,0.01
1055,0.03799999999999994,0.01
1056,-0.7469999999999999,-0.11
1057,2.6,0.43
1058,0.31200000000000006,0.05
1059,-2.179,-0.36
1060,-0.2250000000000001,-0.05
1061,-1.708,-0.43
1062,-3.271,-0.65
1063,-1.095,-0.18
1064,-1.446,-0.24
1065,0.667,0.11
1066,1.524,0.3
1067,-0.15399999999999997,-0.03
1068,1.973,0.28
1069,-2.26,-0.32
1070,0.659,0.11
1071,0.01699999999999996,0.0
1072,-0.012000000000000052,-0.0
1073,-1.637,-0.27
1074,1.758,0.25
1075,-0.18600000000000005,-0.03
1076,2.922,0.49
1077,0.338,0.06
1078,1.853,0.37
1079,1.4689999999999999,0.24
1080,-1.551,-0.22
1081,-0.661,-0.09
1082,1.6019999999999999,0.27
1083,-3.125,-0.62
1084,-1.7189999999999999,-0.34
1085,2.436,0.49
1086,-1.299,-0.19
1087,0.438,0.06
1088,-0.1650000000000001,-0.03
1089,-1.409,-0.2
1090,4.184,0.6
1091,-0.49,-0.1
1092,1.019,0.17
1093,-0.031000000000000014,-0.01
1094,-0.41500000000000004,-0.1
1095,-0.72,-0.12
1096,-1.011,-0.14
1097,3.435,0.49
1098,-2.703,-0.45
1099,-1.411,-0.28
1100,0.42800000000000005,0.09
1101,1.732,0.35
1102,-0.03799999999999992,-0.01
1103,0.678,0.11
1104,-1.1,-0.18
1105,-2.4,-0.4
1106,-1.909,-0.27
1107,3.085,0.44
1108,-1.2309999999999999,-0.21
1109,-2.089,-0.3
1110,1.55,0.31
1111,1.8159999999999998,0.26
1112,0.4769999999999999,0.07
1113,-0.271,-0.05
1114,2.472,0.35
1115,-0.23299999999999998,-0.04
1116,2.294,0.38
1117,-1.2690000000000001,-0.21
1118,-1.178,-0.2
1119,-1.342,-0.45
1120,-0.467,-0.09
1121,0.418,0.07
1122,1.999,0.29
1123,0.2770000000000001,0.06
1124,1.1480000000000001,0.16
1125,1.676,0.24
1126,-1.454,-0.29
1127,-1.2109999999999999,-0.2
1128,2.295,0.57
1129,0.508,0.13
1130,0.7939999999999999,0.11
1131,0.406,0.07
1132,-2.082,-0.3
1133,-0.901,-0.15
1134,0.602,0.12
1135,0.39299999999999996,0.07
1136,-0.748,-0.11
1137,-1.979,-0.33
1138,0.752,0.19
1139,-0.41900000000000004,-0.06
1140,1.085,0.15
1141,0.1579999999999999,0.02
1142,-0.887,-0.13
1143,-2.25,-0.32
1144,1.5070000000000001,0.3
1145,-1.496,-0.3
1146,-2.4010000000000002,-0.34
1147,-0.4549999999999999,-0.09
1148,-0.9349999999999999,-0.13
1149,0.12000000000000001,0.02
1150,-0.6180000000000001,-0.1
1151,0.13499999999999998,0.02
1152,0.5800000000000001,0.08
1153,0.358,0.09
1154,-1.2770000000000001,-0.26
1155,-2.342,-0.33
1156,0.7350000000000001,0.11
1157,-0.94,-0.13
1158,1.091,0.22
1159,-1.103,-0.22
1160,-2.297,-0.46
1161,1.258,0.25
1162,-0.012999999999999928,-0.0
1163,0.14100000000000001,0.02
1164,-1.3739999999999999,-0.23
1165,-0.7270000000000001,-0.1
1166,0.41700000000000004,0.06
1167,-1.212,-0.2
1168,1.776,0.3
1169,-0.16500000000000004,-0.04
1170,-0.29399999999999993,-0.04
1171,-0.583,-0.1
1172,-1.393,-0.23
1173,0.5880000000000001,0.08
1174,1.205,0.3
1175,0.35999999999999993,0.06
1176,0.7729999999999999,0.19
1177,1.342,0.19
1178,-1.315,-0.26
1179,0.018000000000000044,0.0
1180,-0.7109999999999999,-0.12
1181,-2.315,-0.39
1182,0.863,0.14
1183,0.9440000000000002,0.13
1184,-3.682,-0.53
1185,0.68,0.1
1186,1.279,0.26
1187,-0.08100000000000004,-0.01
1188,-1.222,-0.24
1189,1.0750000000000002,0.15
1190,1.598,0.23
1191,-0.04400000000000004,-0.01
1192,2.806,0.4
1193,1.081,0.15
1194,-0.788,-0.13
1195,1.1059999999999999,0.16
1196,-0.037999999999999985,-0.01
1197,2.8850000000000002,0.41
1198,-2.365,-0.34
1199,-1.478,-0.37
1200,-0.727,-0.1
1201,-0.626,-0.09
1202,2.295,0.33
1203,-0.63,-0.09
1204,-0.43099999999999994,-0.06
1205,1.947,0.49
1206,1.2109999999999999,0.2
1207,0.07500000000000001,0.01
1208,-0.877,-0.15
1209,1.002,0.14
1210,-2.102,-0.35
1211,1.6709999999999998,0.24
1212,-0.549,-0.09
1213,-1.066,-0.18
1214,-0.818,-0.14
1215,0.82,0.2
1216,-0.272,-0.04
1217,-1.065,-0.15
1218,0.00799999999999998,0.0
1219,-1.941,-0.32
1220,-0.22300000000000014,-0.04
1221,2.096,0.3
1222,2.31,0.33
1223,-0.697,-0.14
1224,-0.01200000000000007,-0.0
1225,-1.27,-0.21
1226,0.7329999999999999,0.15
1227,0.731,0.1
1228,-0.15100000000000008,-0.03
1229,0.005000000000000088,0.0
1230,-0.7679999999999999,-0.13
1231,0.539,0.08
1232,-0.8859999999999999,-0.18
1233,-2.887,-0.48
1234,-0.37900000000000006,-0.08
1235,-1.929,-0.32
1236,-0.668,-0.11
1237,0.08199999999999996,0.02
1238,-0.5109999999999999,-0.07
1239,-0.5720000000000001,-0.1
1240,-0.7500000000000001,-0.11
1241,0.07700000000000008,0.01
1242,-1.357,-0.27
1243,0.9179999999999999,0.18
1244,-1.365,-0.23
1245,-2.347,-0.34
1246,-0.34800000000000003,-0.05
1247,1.17,0.29
1248,-2.674,-0.38
1249,1.135,0.16
1250,-1.8439999999999999,-0.37
1251,-0.24100000000000005,-0.04
1252,1.37,0.23
1253,0.013999999999999901,0.0
1254,0.19399999999999995,0.03
1255,0.8049999999999999,0.13
1256,1.0659999999999998,0.18
1257,0.818,0.12
1258,0.18799999999999997,0.03
1259,1.7280000000000002,0.43
1260,-1.435,-0.21
1261,3.682,0.74
1262,0.285,0.04
1263,0.5009999999999999,0.08
1264,0.46900000000000003,0.09
1265,0.2819999999999999,0.09
1266,-0.312,-0.05
1267,-1.8150000000000002,-0.3
1268,0.693,0.12
1269,-0.15699999999999997,-0.02
1270,1.565,0.26
1271,0.25999999999999995,0.04
1272,1.787,0.3
1273,-1.274,-0.42
1274,0.651,0.09
1275,0.732,0.12
1276,-1.879,-0.31
1277,-0.8280000000000001,-0.12
1278,-0.017000000000000008,-0.0
1279,-0.7899999999999999,-0.11
1280,0.43100000000000005,0.06
1281,-1.244,-0.21
1282,-1.5270000000000001,-0.31
1283,-1.502,-0.3
1284,-0.44799999999999995,-0.07
1285,-3.706,-0.53
1286,0.848,0.14
1287,1.018,0.17
1288,2.574,0.37
1289,-0.9990000000000001,-0.17
1290,-1.289,-0.26
1291,-1.0130000000000001,-0.17
1292,-1.109,-0.18
1293,0.369,0.05
1294,0.44899999999999995,0.06
1295,1.288,0.21
1296,-0.15200000000000002,-0.02
1297,-0.507,-0.08
1298,-0.538,-0.09
1299,0.927,0.19
1300,-0.867,-0.12
1301,-0.14900000000000008,-0.02
1302,0.10800000000000004,0.02
1303,-3.497,-0.5
1304,-0.536,-0.09
1305,1.1560000000000001,0.23
1306,1.936,0.32
1307,1.763,0.35
1308,-1.92,-0.27
1309,-2.085,-0.35
1310,1.0,0.2
1311,3.116,0.45
1312,-2.367,-0.47
1313,-1.016,-0.15
1314,-0.576,-0.14
1315,0.04100000000000002,0.01
1316,-2.1109999999999998,-0.35
1317,-1.846,-0.26
1318,-0.007999999999999993,-0.0
1319,-1.076,-0.15
1320,-0.53,-0.08
1321,-1.984,-0.4
1322,1.121,0.19
1323,-0.07900000000000001,-0.01
1324,-1.1,-0.18
1325,0.817,0.14
1326,-3.629,-0.52
1327,0.881,0.13
1328,-0.737,-0.12
1329,-0.025999999999999995,-0.0
1330,0.16699999999999998,0.02
1331,0.35699999999999993,0.06
1332,-1.5250000000000001,-0.22
1333,-1.8769999999999998,-0.31
1334,-0.8140000000000001,-0.16
1335,0.9249999999999999,0.18
1336,-0.202,-0.07
1337,1.88,0.38
1338,-1.061,-0.18
1339,-0.3520000000000001,-0.07
1340,0.6280000000000001,0.1
1341,0.46399999999999997,0.07
1342,-1.4380000000000002,-0.21
1343,-2.561,-0.43
1344,-1.331,-0.19
1345,2.0469999999999997,0.41
1346,-0.20900000000000002,-0.03
1347,0.4600000000000002,0.08
1348,0.716,0.12
1349,-0.13099999999999995,-0.02
1350,0.84,0.12
1351,1.111,0.19
1352,-0.6590000000000001,-0.09
1353,-0.5080000000000001,-0.1
1354,0.753,0.13
1355,1.936,0.39
1356,1.084,0.22
1357,1.6889999999999998,0.34
1358,1.474,0.25
1359,1.0979999999999999,0.22
1360,0.721,0.14
1361,-2.641,-0.53
1362,2.231,0.37
1363,-0.34600000000000003,-0.06
1364,3.271,0.55
1365,-0.07000000000000006,-0.01
1366,-0.3670000000000001,-0.05
1367,-0.41999999999999993,-0.1
1368,2.289,0.33
1369,-2.534,-0.36
1370,0.395,0.06
1371,-2.098,-0.42
1372,-0.22799999999999998,-0.06
1373,0.933,0.16
1374,1.46,0.24
1375,-0.77,-0.11
1376,0.813,0.14
1377,0.06099999999999989,0.02
1378,1.195,0.24
1379,2.226,0.37
1380,-0.18300000000000013,-0.03
1381,-2.33,-0.39
1382,1.04,0.26
1383,1.418,0.24
1384,1.0899999999999999,0.27
1385,-0.46699999999999997,-0.09
1386,-0.366,-0.07
1387,0.502,0.08
1388,-1.9829999999999999,-0.4
1389,0.2819999999999999,0.04
1390,2.965,0.49
1391,1.682,0.28
1392,1.569,0.31
1393,0.6080000000000001,0.12
1394,2.074,0.35
1395,-0.43300000000000016,-0.06
1396,1.1030000000000002,0.18
1397,-2.544,-0.42
1398,1.898,0.27
1399,-0.197,-0.04
1400,-2.616,-0.37
1401,1.6989999999999998,0.24
1402,1.87,0.47
1403,-1.19,-0.17
1404,-0.966,-0.16
1405,-1.167,-0.29
1406,1.852,0.26
1407,0.885,0.22
1408,2.855,0.48
1409,-3.86,-0.55
1410,-1.545,-0.39
1411,2.277,0.57
1412,1.6019999999999999,0.23
1413,0.41500000000000004,0.08
1414,1.298,0.26
1415,-1.778,-0.36
1416,-0.5469999999999999,-0.08
1417,-1.807,-0.3
1418,1.4,0.2
1419,0.703,0.12
1420,-2.431,-0.35
1421,0.356,0.06
1422,1.013,0.17
1423,0.45399999999999996,0.11
1424,0.364,0.05
1425,-2.75,-0.46
1426,2.121,0.35
1427,1.4849999999999999,0.3
1428,-1.8339999999999999,-0.26
1429,-1.296,-0.22
1430,-1.436,-0.29
1431,0.061999999999999944,0.01
1432,1.076,0.22
1433,0.5230000000000001,0.09
1434,-1.661,-0.33
1435,-0.6899999999999998,-0.11
1436,-1.7080000000000002,-0.28
1437,-0.21300000000000002,-0.04
1438,-1.8390000000000002,-0.26
1439,-1.7329999999999999,-0.29
1440,2.375,0.4
1441,0.369,0.06
1442,-1.399,-0.28
1443,0.9340000000000002,0.13
1444,-0.766,-0.11
1445,0.12899999999999995,0.03
1446,-2.573,-0.51
1447,0.7949999999999999,0.16
1448,-0.614,-0.09
1449,-1.6280000000000001,-0.27
1450,1.548,0.31
1451,3.15,0.63
1452,1.3490000000000002,0.19
1453,-2.675,-0.53
1454,-1.144,-0.19
1455,2.149,0.36
1456,-0.9509999999999998,-0.19
1457,-0.0010000000000000009,-0.0
1458,3.336,0.67
1459,-0.899,-0.18
1460,-2.507,-0.63
1461,1.1669999999999998,0.17
1462,2.176,0.31
1463,0.3489999999999999,0.06
1464,1.361,0.19
1465,0.8500000000000001,0.14
1466,0.18600000000000005,0.04
1467,1.502,0.21
1468,0.6960000000000001,0.12
1469,-0.37,-0.05
1470,-1.254,-0.25
1471,-0.006999999999999992,-0.0
1472,-0.018000000000000016,-0.0
1473,-0.88,-0.18
1474,2.497,0.36
1475,-0.5650000000000001,-0.11
1476,0.629,0.1
1477,0.907,0.15
1478,0.6229999999999999,0.09
1479,1.852,0.31
1480,3.084,0.51
1481,0.8140000000000001,0.14
1482,-0.921,-0.31
1483,0.678,0.14
1484,0.622,0.09
1485,1.6390000000000002,0.23
1486,-1.782,-0.3
1487,0.1110000000000001,0.02
1488,-1.359,-0.23
1489,-4.124,-0.59
1490,-0.16799999999999984,-0.02
1491,-0.14200000000000002,-0.02
1492,-0.395,-0.06
1493,-1.1239999999999999,-0.19
1494,-0.15100000000000005,-0.02
1495,0.597,0.1
1496,0.916,0.15
1497,0.30800000000000005,0.04
1498,2.215,0.32
1499,0.54,0.09
1500,-1.301,-0.19
1501,-0.0429999999999999,-0.01
1502,1.984,0.28
1503,-0.839,-0.14
1504,-1.1159999999999999,-0.16
1505,0.849,0.12
1506,-0.12399999999999994,-0.02
1507,0.634,0.09
1508,-1.66,-0.24
1509,-1.458,-0.24
1510,0.08399999999999999,0.01
1511,1.988,0.33
1512,-0.706,-0.12
1513,-0.641,-0.09
1514,0.8879999999999999,0.15
1515,-1.102,-0.18
1516,0.457,0.08
1517,1.188,0.2
1518,-1.747,-0.25
1519,0.2919999999999999,0.05
1520,-1.923,-0.38
1521,0.89,0.13
1522,1.6340000000000001,0.23
1523,-0.5469999999999999,-0.14
1524,-0.907,-0.15
1525,0.13600000000000007,0.02
1526,2.103,0.35
1527,-1.328,-0.22
1528,-0.5650000000000001,-0.09
1529,1.457,0.29
1530,1.629,0.27
1531,-1.17,-0.19
1532,0.883,0.18
1533,-0.878,-0.13
1534,-0.254,-0.06
1535,0.45500000000000007,0.09
1536,-0.683,-0.11
1537,-2.227,-0.37
1538,0.597,0.12
1539,1.11,0.28
1540,1.604,0.32
1541,0.911,0.15
1542,-1.1159999999999999,-0.16
1543,0.791,0.13
1544,-1.287,-0.21
1545,0.5150000000000001,0.09
1546,0.11400000000000009,0.02
1547,0.42300000000000004,0.06
1548,-4.027,-0.58
1549,-1.299,-0.26
1550,0.05399999999999999,0.01
1551,1.523,0.25
1552,0.714,0.14
1553,1.584,0.26
1554,-0.5089999999999999,-0.07
1555,1.809,0.3
1556,-0.36200000000000004,-0.06
1557,-2.097,-0.3
1558,-1.8880000000000001,-0.38
1559,1.157,0.19
1560,0.7030000000000001,0.1
1561,-0.46599999999999997,-0.09
1562,-1.3379999999999999,-0.22
1563,0.08399999999999994,0.01
1564,-0.867,-0.14
1565,0.935,0.13
1566,1.189,0.2
1567,-0.654,-0.13
1568,-0.709,-0.1
1569,-1.554,-0.22
1570,0.322,0.08
1571,0.696,0.12
1572,0.79,0.16
1573,0.397,0.07
1574,-2.171,-0.36
1575,-0.49500000000000005,-0.08
1576,3.504,0.58
1577,-1.351,-0.27
1578,-2.679,-0.45
1579,0.9550000000000001,0.24
1580,-0.303,-0.04
1581,2.191,0.31
1582,-2.989,-0.43
1583,1.0979999999999999,0.22
1584,-0.9770000000000001,-0.16
1585,1.672,0.28
1586,-0.04399999999999993,-0.01
1587,1.164,0.23
1588,-3.149,-0.52
1589,-0.21400000000000005,-0.05
1590,-1.0470000000000002,-0.21
1591,-2.36,-0.47
1592,0.20500000000000007,0.03
1593,-1.099,-0.16
1594,-1.801,-0.36
1595,0.58,0.08
1596,-1.238,-0.21
1597,0.05399999999999999,0.01
1598,-1.0030000000000001,-0.17
1599,-0.14099999999999996,-0.03
1600,-0.6930000000000001,-0.12
1601,0.18300000000000005,0.04
1602,0.735,0.1
1603,2.455,0.61
1604,0.676,0.11
1605,1.3230000000000002,0.26
1606,1.559,0.22
1607,-2.368,-0.34
1608,-0.517,-0.07
1609,-3.372,-0.84
1610,1.805,0.26
1611,-2.771,-0.4
1612,-1.5679999999999998,-0.22
1613,0.2710000000000001,0.05
1614,-0.5290000000000001,-0.09
1615,1.262,0.18
1616,-0.679,-0.11
1617,-1.823,-0.46
1618,-0.754,-0.13
1619,-0.2859999999999999,-0.05
1620,0.474,0.08
1621,1.288,0.21
1622,0.698,0.1
1623,0.4970000000000001,0.12
1624,0.917,0.15
1625,-0.495,-0.1
1626,0.893,0.15
1627,0.61,0.1
1628,-2.422,-0.4
1629,1.393,0.2
1630,-0.873,-0.15
1631,-0.28600000000000003,-0.04
1632,-0.8280000000000002,-0.12
1633,-0.858,-0.14
1634,1.212,0.17
1635,-0.853,-0.12
1636,0.649,0.13
1637,0.13799999999999993,0.03
1638,0.6499999999999999,0.09
1639,-0.61,-0.1
1640,1.865,0.31
1641,-0.479,-0.08
1642,-0.809,-0.16
1643,-0.07199999999999998,-0.01
1644,-0.369,-0.05
1645,-1.749,-0.35
1646,0.5040000000000001,0.1
1647,-1.928,-0.32
1648,-1.962,-0.28
1649,1.4849999999999999,0.25
1650,-0.7390000000000001,-0.12
1651,-1.645,-0.24
1652,2.274,0.32
1653,0.011999999999999983,0.0
1654,-2.258,-0.38
1655,0.26700000000000007,0.04
1656,2.136,0.43
1657,-1.674,-0.28
1658,0.17599999999999996,0.03
1659,-0.449,-0.07
1660,2.028,0.34
1661,1.086,0.16
1662,-2.424,-0.4
1663,0.20199999999999996,0.04
1664,1.481,0.3
1665,-2.438,-0.41
1666,-1.712,-0.24
1667,0.44899999999999984,0.06
1668,-0.744,-0.12
1669,2.859,0.48
1670,-2.857,-0.48
1671,0.07500000000000012,0.01
1672,0.42900000000000005,0.07
1673,-2.958,-0.49
1674,-0.9500000000000001,-0.24
1675,-0.281,-0.04
1676,2.6750000000000003,0.45
1677,-1.136,-0.19
1678,0.1720000000000001,0.03
1679,0.17100000000000004,0.03
1680,0.523,0.09
1681,1.544,0.31
1682,-1.167,-0.17
1683,-1.4409999999999998,-0.24
1684,0.902,0.15
1685,1.4580000000000002,0.21
1686,1.506,0.22
1687,0.5439999999999999,0.11
1688,-1.798,-0.3
1689,0.29,0.05
1690,-0.917,-0.13
1691,-1.316,-0.26
1692,0.16000000000000003,0.03
1693,-1.9169999999999998,-0.32
1694,-0.6540000000000001,-0.09
1695,0.6319999999999999,0.09
1696,2.21,0.44
1697,-0.34399999999999986,-0.07
1698,0.7589999999999999,0.13
1699,-3.0620000000000003,-0.51
1700,-0.613,-0.1
1701,1.5899999999999999,0.26
1702,-2.215,-0.32
1703,-1.436,-0.21
1704,2.25,0.38
1705,-0.31099999999999994,-0.04
1706,-1.0310000000000001,-0.21
1707,-0.505,-0.07
1708,1.3250000000000002,0.19
1709,0.574,0.08
1710,-0.981,-0.25
1711,0.508,0.08
1712,-1.131,-0.19
1713,-0.27999999999999997,-0.07
1714,1.506,0.38
1715,-0.6689999999999999,-0.13
1716,-0.9169999999999999,-0.13
1717,2.919,0.42
1718,0.43899999999999995,0.09
1719,0.34199999999999997,0.05
1720,0.34199999999999997,0.07
1721,-2.047,-0.34
1722,0.04099999999999994,0.01
1723,0.886,0.3
1724,-1.299,-0.22
1725,-0.9219999999999999,-0.23
1726,2.2720000000000002,0.57
1727,-2.225,-0.32
1728,-2.243,-0.37
1729,1.586,0.26
1730,0.22500000000000003,0.04
1731,1.217,0.3
1732,-1.528,-0.38
1733,-0.854,-0.14
1734,-1.008,-0.14
1735,-0.983,-0.25
1736,0.4470000000000001,0.09
1737,-0.7759999999999999,-0.13
1738,0.22700000000000006,0.03
1739,0.21200000000000002,0.05
1740,-0.626,-0.1
1741,-2.02,-0.34
1742,2.165,0.36
1743,1.24,0.21
1744,-0.797,-0.13
1745,-0.1600000000000001,-0.02
1746,0.15100000000000005,0.02
1747,0.5529999999999999,0.08
1748,1.911,0.38
1749,-0.8170000000000001,-0.14
1750,0.444,0.07
1751,0.04500000000000008,0.01
1752,0.414,0.07
1753,0.4630000000000001,0.08
1754,-0.827,-0.17
1755,-0.30000000000000004,-0.04
1756,-0.407,-0.07
1757,-0.464,-0.07
1758,1.028,0.15
1759,-0.045999999999999965,-0.01
1760,-0.704,-0.12
1761,-1.9060000000000001,-0.27
1762,-0.9159999999999999,-0.13
1763,-1.914,-0.48
1764,-0.30299999999999994,-0.06
1765,-3.132,-0.45
1766,1.017,0.17
1767,1.4869999999999999,0.21
1768,1.329,0.19
1769,0.97,0.19
1770,-1.722,-0.29
1771,-0.52,-0.07
1772,1.278,0.26
1773,-0.924,-0.18
1774,-2.749,-0.39
1775,-1.3800000000000001,-0.23
1776,2.272,0.38
1777,-0.878,-0.13
1778,0.745,0.15
1779,0.357,0.09
1780,-1.572,-0.26
1781,-0.7679999999999999,-0.11
1782,0.08700000000000005,0.02
1783,-0.36299999999999993,-0.06
1784,1.365,0.2
1785,1.889,0.31
1786,-1.414,-0.24
1787,0.16799999999999998,0.03
1788,-2.93,-0.42
1789,-0.754,-0.11
1790,-2.3899999999999997,-0.34
1791,-0.3780000000000001,-0.05
1792,-0.634,-0.16
1793,-0.17799999999999988,-0.03
1794,2.208,0.37
1795,-1.29,-0.21
1796,1.872,0.37
1797,3.575,0.6
1798,1.0100000000000002,0.14
1799,0.144,0.02
1800,-1.096,-0.16
1801,1.009,0.34
1802,-2.652,-0.44
1803,1.93,0.39
1804,2.411,0.4
1805,0.981,0.25
1806,-0.29500000000000004,-0.05
1807,-1.2770000000000001,-0.26
1808,-0.732,-0.18
1809,-2.83,-0.4
1810,0.933,0.19
1811,2.0620000000000003,0.41
1812,-0.182,-0.04
1813,-0.015999999999999945,-0.0
1814,-1.012,-0.2
1815,-1.499,-0.25
1816,2.227,0.32
1817,-0.9329999999999998,-0.16
1818,0.888,0.15
1819,0.578,0.12
1820,0.951,0.14
1821,-0.9489999999999998,-0.14
1822,-1.3459999999999999,-0.27
1823,-0.7080000000000001,-0.12
1824,-1.9089999999999998,-0.32
1825,-0.9890000000000001,-0.2
1826,1.434,0.36
1827,-0.857,-0.17
1828,1.4509999999999998,0.21
1829,1.544,0.26
1830,1.642,0.23
1831,-0.7300000000000001,-0.15
1832,-1.9140000000000001,-0.38
1833,-0.19199999999999995,-0.03
1834,0.864,0.14
1835,-1.131,-0.16
1836,0.571,0.1
1837,2.368,0.39
1838,-1.0319999999999998,-0.17
1839,0.21000000000000002,0.04
1840,-0.862,-0.14
1841,2.405,0.34
1842,3.1350000000000002,0.52
1843,-0.938,-0.19
1844,-1.875,-0.27
1845,-2.036,-0.41
1846,0.583,0.1
1847,1.2329999999999999,0.18
1848,1.2599999999999998,0.21
1849,1.162,0.17
1850,-2.393,-0.4
1851,-1.982,-0.28
1852,1.798,0.3
1853,-0.8420000000000001,-0.14
1854,0.789,0.13
1855,0.656,0.13
1856,-3.541,-0.59
1857,-0.968,-0.16
1858,-0.21199999999999988,-0.04
1859,-0.06499999999999997,-0.01
1860,0.7929999999999999,0.13
1861,-0.308,-0.04
1862,-0.61,-0.09
1863,1.4229999999999998,0.28
1864,1.1560000000000001,0.19
1865,1.342,0.27
1866,1.811,0.3
1867,-1.47,-0.24
1868,0.307,0.1
1869,0.637,0.09
1870,0.5209999999999999,0.09
1871,-1.267,-0.25
1872,-0.37799999999999995,-0.09
1873,1.3199999999999998,0.19
1874,0.8660000000000001,0.14
1875,-2.26,-0.32
1876,3.144,0.52
1877,0.975,0.14
1878,-2.271,-0.32
1879,-0.445,-0.11
1880,0.6330000000000001,0.09
1881,-1.2269999999999999,-0.2
1882,1.508,0.3
1883,1.504,0.3
1884,-1.846,-0.26
1885,1.439,0.36
1886,-1.412,-0.35
1887,1.251,0.25
1888,-0.5870000000000001,-0.08
1889,-1.026,-0.15
1890,-0.8969999999999999,-0.13
1891,-1.843,-0.26
1892,0.7210000000000001,0.12
1893,2.922,0.49
1894,0.911,0.18
1895,-0.796,-0.4
1896,-0.4970000000000001,-0.08
1897,-0.95,-0.16
1898,-1.5,-0.3
1899,0.3210000000000001,0.05
1900,-3.838,-0.64
1901,1.3559999999999999,0.27
1902,2.049,0.34
1903,-2.3930000000000002,-0.4
1904,-0.11399999999999996,-0.02
1905,1.621,0.27
1906,-2.437,-0.35
1907,0.14100000000000001,0.03
1908,-1.956,-0.39
1909,-1.053,-0.15
1910,-0.612,-0.09
1911,-0.579,-0.08
1912,0.006000000000000005,0.0
1913,0.31499999999999995,0.05
1914,-0.4099999999999999,-0.08
1915,0.25699999999999995,0.04
1916,1.121,0.16
1917,0.768,0.13
1918,0.8240000000000001,0.14
1919,-0.46599999999999997,-0.07
1920,-1.373,-0.27
1921,-0.09499999999999995,-0.01
1922,-0.09800000000000002,-0.01
1923,-0.29100000000000004,-0.05
1924,0.918,0.15
1925,0.774,0.11
1926,-0.31199999999999983,-0.05
1927,0.936,0.13
1928,-0.6399999999999999,-0.16
1929,1.199,0.17
1930,-0.16600000000000006,-0.03
1931,0.88,0.18
1932,-0.6379999999999999,-0.11
1933,0.36500000000000005,0.05
1934,-0.5930000000000001,-0.08
1935,1.328,0.22
1936,-0.23299999999999996,-0.05
1937,-0.011999999999999983,-0.0
1938,0.14899999999999997,0.02
1939,2.599,0.52
1940,0.07599999999999993,0.01
1941,1.385,0.2
1942,-0.8320000000000001,-0.17
1943,1.654,0.33
1944,0.30600000000000005,0.04
1945,-0.15399999999999994,-0.02
1946,-1.099,-0.18
1947,-1.616,-0.27
1948,-1.16,-0.19
1949,-1.5270000000000001,-0.25
1950,-0.09199999999999997,-0.02
1951,-0.903,-0.13
1952,-1.31,-0.26
1953,2.4570000000000003,0.49
1954,-0.31100000000000005,-0.04
1955,-3.43,-0.49
1956,0.6599999999999999,0.16
1957,-0.5880000000000001,-0.1
1958,0.513,0.09
1959,0.10199999999999998,0.02
1960,-0.88,-0.15
1961,0.585,0.08
1962,0.4099999999999999,0.06
1963,0.8890000000000001,0.22
1964,-2.43,-0.41
1965,0.723,0.1
1966,-1.766,-0.44
1967,-2.324,-0.33
1968,-1.069,-0.18
1969,-1.574,-0.39
1970,1.3519999999999999,0.23
1971,0.671,0.1
1972,1.229,0.2
1973,0.558,0.11
1974,-1.244,-0.25
1975,-1.785,-0.36
1976,-0.976,-0.16
1977,-0.05600000000000005,-0.01
1978,-1.092,-0.22
1979,-2.63,-0.38
1980,0.968,0.16
1981,-2.527,-0.42
1982,1.1019999999999999,0.18
1983,-0.962,-0.14
1984,1.061,0.21
1985,2.2760000000000002,0.46
1986,-0.9870000000000001,-0.2
1987,1.6840000000000002,0.24
1988,-2.549,-0.36
1989,-0.09300000000000003,-0.03
1990,3.115,0.62
1991,-2.372,-0.34
1992,-1.8179999999999998,-0.26
1993,-2.149,-0.36
1994,0.941,0.16
1995,0.589,0.08
1996,0.1859999999999999,0.03
1997,-0.278,-0.04
1998,1.978,0.33
1999,0.742,0.11
2000,-1.572,-0.31
